HOSPITAL_NAME,COPD_COUNT,PCT_OF_CASES_OVER_BEDS,AVG_SCORE,AVG_RISK
BJC,184,184,4.853260869565218,60.96739130434783
ST.LUKE'S,164,164,4.865853658536586,60.47560975609756
SAINT LOUIS UNIVERSITY,164,164,4.9573170731707314,60.353658536585364
MISSOURI BAPTIST,161,161,4.84472049689441,60.7888198757764
BJC WEST COUNTY,171,171,4.777777777777778,61.15204678362573
ST.MARY'S,156,156,4.756410256410256,61.23076923076923
